Title,First Name,Last Name,Gender,Full Name,Team
1 India,Michael,Jones,Male,Michael Jones,India
2 India,Karen,Garcia,Female,Karen Garcia,India
3 India,Andrea,Murillo,Female,Andrea Murillo,India
4 India,Brian,Nguyen,Male,Brian Nguyen,India
5 India,Linda,Donovan,Female,Linda Donovan,India
6 India,Cristina,Richmond,Female,Cristina Richmond,India
7 India,Sherri,Salazar,Female,Sherri Salazar,India
8 India,Raymond,Moore,Male,Raymond Moore,India
9 India,Joanne,Espinoza,Female,Joanne Espinoza,India
10 India,Charles,Gregory,Male,Charles Gregory,India
11 India,Edwin,Lynch,Male,Edwin Lynch,India
1 USA,Tiffany,Lewis,Female,Tiffany Lewis,USA
2 USA,Summer,Holt,Female,Summer Holt,USA
3 USA,Timothy,Lopez,Male,Timothy Lopez,USA
4 USA,Diana,Meyer,Female,Diana Meyer,USA
5 USA,Cory,Richard,Male,Cory Richard,USA
6 USA,Logan,Nguyen,Male,Logan Nguyen,USA
7 USA,Nicole,Salas,Female,Nicole Salas,USA
8 USA,Stephen,Gonzalez,Male,Stephen Gonzalez,USA
9 USA,Dana,Spencer,Female,Dana Spencer,USA
10 USA,Sandra,Salazar,Female,Sandra Salazar,USA
11 USA,Nicole,Church,Female,Nicole Church,USA
1 Pakistan,Jeff,Gonzalez,Male,Jeff Gonzalez,Pakistan
2 Pakistan,Ricardo,Hall,Male,Ricardo Hall,Pakistan
3 Pakistan,James,Stokes,Male,James Stokes,Pakistan
4 Pakistan,Elizabeth,Smith,Female,Elizabeth Smith,Pakistan
5 Pakistan,Makayla,Ramos,Female,Makayla Ramos,Pakistan
6 Pakistan,Dennis,Williams,Male,Dennis Williams,Pakistan
7 Pakistan,Rhonda,Johnson,Female,Rhonda Johnson,Pakistan
8 Pakistan,Jeanette,Hampton,Female,Jeanette Hampton,Pakistan
9 Pakistan,Connie,Hernandez,Female,Connie Hernandez,Pakistan
10 Pakistan,David,Fletcher,Male,David Fletcher,Pakistan
11 Pakistan,Johnny,Moore,Male,Johnny Moore,Pakistan
1 Canada,Bradley,Young,Male,Bradley Young,Canada
2 Canada,Ashley,Gray,Female,Ashley Gray,Canada
3 Canada,Nicole,Ortega,Female,Nicole Ortega,Canada
4 Canada,Kristen,Reid,Female,Kristen Reid,Canada
5 Canada,Joyce,Cunningham,Female,Joyce Cunningham,Canada
6 Canada,Sarah,Jones,Female,Sarah Jones,Canada
7 Canada,Roger,Fitzgerald,Male,Roger Fitzgerald,Canada
8 Canada,Alyssa,Marks,Female,Alyssa Marks,Canada
9 Canada,Bianca,Gibbs,Female,Bianca Gibbs,Canada
10 Canada,Samuel,Flynn,Male,Samuel Flynn,Canada
11 Canada,Christopher,Lee,Male,Christopher Lee,Canada
1 Ireland,Stephanie,Flynn,Female,Stephanie Flynn,Ireland
2 Ireland,Erin,Lewis,Female,Erin Lewis,Ireland
3 Ireland,Christine,Bridges,Female,Christine Bridges,Ireland
4 Ireland,George,Riddle,Male,George Riddle,Ireland
5 Ireland,Charles,Eaton,Male,Charles Eaton,Ireland
6 Ireland,Kimberly,Obrien,Female,Kimberly Obrien,Ireland
7 Ireland,Margaret,Sullivan,Female,Margaret Sullivan,Ireland
8 Ireland,Amanda,Norman,Female,Amanda Norman,Ireland
9 Ireland,Edward,Phillips,Male,Edward Phillips,Ireland
10 Ireland,Brandon,Estrada,Male,Brandon Estrada,Ireland
11 Ireland,Grant,Shaw,Male,Grant Shaw,Ireland
1 Australia,Danielle,Harding,Female,Danielle Harding,Australia
2 Australia,Cynthia,Parsons,Female,Cynthia Parsons,Australia
3 Australia,Patricia,Castillo,Female,Patricia Castillo,Australia
4 Australia,Darius,Phillips,Male,Darius Phillips,Australia
5 Australia,Grace,Jones,Female,Grace Jones,Australia
6 Australia,Jonathan,Lewis,Male,Jonathan Lewis,Australia
7 Australia,Brian,Roy,Male,Brian Roy,Australia
8 Australia,Isaac,Woods,Male,Isaac Woods,Australia
9 Australia,Amanda,Thomas,Female,Amanda Thomas,Australia
10 Australia,Robert,Rodriguez,Male,Robert Rodriguez,Australia
11 Australia,Dustin,Vasquez,Male,Dustin Vasquez,Australia
1 England,Brenda,Wu,Female,Brenda Wu,England
2 England,Tonya,Knapp,Female,Tonya Knapp,England
3 England,Joseph,Smith,Male,Joseph Smith,England
4 England,Christopher,Miller,Male,Christopher Miller,England
5 England,Casey,Shea,Female,Casey Shea,England
6 England,Jason,Garcia,Male,Jason Garcia,England
7 England,Tracey,Williams,Female,Tracey Williams,England
8 England,Angela,Torres,Female,Angela Torres,England
9 England,James,Robertson,Male,James Robertson,England
10 England,Lori,Brown,Female,Lori Brown,England
11 England,Philip,Rose,Male,Philip Rose,England
1 Scotland,Daniel,Rogers,Male,Daniel Rogers,Scotland
2 Scotland,Anthony,Anderson,Male,Anthony Anderson,Scotland
3 Scotland,Robin,Silva,Female,Robin Silva,Scotland
4 Scotland,Doris,Hernandez,Female,Doris Hernandez,Scotland
5 Scotland,Sean,Molina,Male,Sean Molina,Scotland
6 Scotland,Dana,Jackson,Female,Dana Jackson,Scotland
7 Scotland,Edward,Morgan,Male,Edward Morgan,Scotland
8 Scotland,Lisa,Maxwell,Female,Lisa Maxwell,Scotland
9 Scotland,Ellen,Mills,Female,Ellen Mills,Scotland
10 Scotland,Katherine,Lynn,Female,Katherine Lynn,Scotland
11 Scotland,Steven,Hunt,Male,Steven Hunt,Scotland
1 Namibia,Richard,Anderson,Male,Richard Anderson,Namibia
2 Namibia,Keith,Mathews,Male,Keith Mathews,Namibia
3 Namibia,Caleb,Decker,Male,Caleb Decker,Namibia
4 Namibia,Bethany,Berg,Female,Bethany Berg,Namibia
5 Namibia,Darlene,Brandt,Female,Darlene Brandt,Namibia
6 Namibia,Matthew,Patel,Male,Matthew Patel,Namibia
7 Namibia,Miguel,Diaz,Male,Miguel Diaz,Namibia
8 Namibia,Darren,Nelson,Male,Darren Nelson,Namibia
9 Namibia,Brandon,Rodriguez,Male,Brandon Rodriguez,Namibia
10 Namibia,Sheena,Jones,Female,Sheena Jones,Namibia
11 Namibia,Laura,Ramirez,Female,Laura Ramirez,Namibia
1 Oman,Robert,Michael,Male,Robert Michael,Oman
2 Oman,Leonard,Hood,Male,Leonard Hood,Oman
3 Oman,Kristen,Bates,Female,Kristen Bates,Oman
4 Oman,Philip,Davis,Male,Philip Davis,Oman
5 Oman,Lauren,Moreno,Female,Lauren Moreno,Oman
6 Oman,Hailey,Salinas,Female,Hailey Salinas,Oman
7 Oman,David,Fuller,Male,David Fuller,Oman
8 Oman,Veronica,Kane,Female,Veronica Kane,Oman
9 Oman,Troy,Alexander,Male,Troy Alexander,Oman
10 Oman,Robert,Juarez,Male,Robert Juarez,Oman
11 Oman,Amber,Gordon,Female,Amber Gordon,Oman
1 West Indies,Patricia,White,Female,Patricia White,West Indies
2 West Indies,Mark,Bright,Male,Mark Bright,West Indies
3 West Indies,Laura,Barnes,Female,Laura Barnes,West Indies
4 West Indies,David,Reyes,Male,David Reyes,West Indies
5 West Indies,Shawna,Morales,Female,Shawna Morales,West Indies
6 West Indies,Ashley,Navarro,Female,Ashley Navarro,West Indies
7 West Indies,Gordon,Burton,Male,Gordon Burton,West Indies
8 West Indies,Harry,Evans,Male,Harry Evans,West Indies
9 West Indies,Thomas,Mcdonald,Male,Thomas Mcdonald,West Indies
10 West Indies,Kelly,Jensen,Male,Kelly Jensen,West Indies
11 West Indies,Shannon,Burch,Female,Shannon Burch,West Indies
1 Afghanistan,Leslie,Myers,Female,Leslie Myers,Afghanistan
2 Afghanistan,Allen,Morales,Male,Allen Morales,Afghanistan
3 Afghanistan,Tiffany,Hanson,Female,Tiffany Hanson,Afghanistan
4 Afghanistan,Ronald,Johnson,Male,Ronald Johnson,Afghanistan
5 Afghanistan,Steven,Holmes,Male,Steven Holmes,Afghanistan
6 Afghanistan,Mathew,Solis,Male,Mathew Solis,Afghanistan
7 Afghanistan,Megan,Cunningham,Female,Megan Cunningham,Afghanistan
8 Afghanistan,Christopher,Welch,Male,Christopher Welch,Afghanistan
9 Afghanistan,Alexandria,Thompson,Female,Alexandria Thompson,Afghanistan
10 Afghanistan,Angelica,Lyons,Female,Angelica Lyons,Afghanistan
11 Afghanistan,Victoria,Jacobs,Female,Victoria Jacobs,Afghanistan
1 New Zealand,Eugene,Sparks,Male,Eugene Sparks,New Zealand
2 New Zealand,Christy,Santiago,Female,Christy Santiago,New Zealand
3 New Zealand,Joshua,Harris,Male,Joshua Harris,New Zealand
4 New Zealand,Christopher,Solis,Male,Christopher Solis,New Zealand
5 New Zealand,Tracy,Harris,Female,Tracy Harris,New Zealand
6 New Zealand,Stephen,Clark,Male,Stephen Clark,New Zealand
7 New Zealand,Ellen,Huff,Female,Ellen Huff,New Zealand
8 New Zealand,David,Lee,Male,David Lee,New Zealand
9 New Zealand,Melissa,Morton,Female,Melissa Morton,New Zealand
10 New Zealand,Isabel,Kelley,Female,Isabel Kelley,New Zealand
11 New Zealand,Michael,Morales,Male,Michael Morales,New Zealand
1 Uganda,Mark,Lopez,Male,Mark Lopez,Uganda
2 Uganda,Caitlyn,Porter,Female,Caitlyn Porter,Uganda
3 Uganda,Rebecca,Nguyen,Female,Rebecca Nguyen,Uganda
4 Uganda,Christopher,Rivera,Male,Christopher Rivera,Uganda
5 Uganda,Justin,Harper,Male,Justin Harper,Uganda
6 Uganda,Pamela,Richard,Female,Pamela Richard,Uganda
7 Uganda,Thomas,Williams,Male,Thomas Williams,Uganda
8 Uganda,Amy,Fletcher,Female,Amy Fletcher,Uganda
9 Uganda,Mitchell,Marquez,Male,Mitchell Marquez,Uganda
10 Uganda,Jonathan,Jimenez,Male,Jonathan Jimenez,Uganda
11 Uganda,Karen,Anderson,Female,Karen Anderson,Uganda
1 Papua New Guinea,Keith,Cox,Male,Keith Cox,Papua New Guinea
2 Papua New Guinea,Nicole,Lopez,Female,Nicole Lopez,Papua New Guinea
3 Papua New Guinea,Michael,Myers,Male,Michael Myers,Papua New Guinea
4 Papua New Guinea,Jennifer,Rivera,Female,Jennifer Rivera,Papua New Guinea
5 Papua New Guinea,Barry,Henry,Male,Barry Henry,Papua New Guinea
6 Papua New Guinea,Lawrence,Thomas,Male,Lawrence Thomas,Papua New Guinea
7 Papua New Guinea,Angela,Pearson,Female,Angela Pearson,Papua New Guinea
8 Papua New Guinea,Lisa,Alvarado,Female,Lisa Alvarado,Papua New Guinea
9 Papua New Guinea,Daryl,Gonzalez,Male,Daryl Gonzalez,Papua New Guinea
10 Papua New Guinea,Brenda,Scott,Female,Brenda Scott,Papua New Guinea
11 Papua New Guinea,Danielle,Hudson,Female,Danielle Hudson,Papua New Guinea
1 South Africa,Elizabeth,Rasmussen,Female,Elizabeth Rasmussen,South Africa
2 South Africa,Daniel,Davis,Male,Daniel Davis,South Africa
3 South Africa,Heather,Salazar,Female,Heather Salazar,South Africa
4 South Africa,Renee,Hayes,Female,Renee Hayes,South Africa
5 South Africa,Michael,Hill,Male,Michael Hill,South Africa
6 South Africa,John,Walton,Male,John Walton,South Africa
7 South Africa,Tabitha,Becker,Female,Tabitha Becker,South Africa
8 South Africa,Eddie,Welch,Male,Eddie Welch,South Africa
9 South Africa,Patricia,Curtis,Female,Patricia Curtis,South Africa
10 South Africa,Kenneth,Padilla,Male,Kenneth Padilla,South Africa
11 South Africa,Gregory,Hernandez,Male,Gregory Hernandez,South Africa
1 Bangladesh,Elizabeth,Ortiz,Female,Elizabeth Ortiz,Bangladesh
2 Bangladesh,David,Todd,Male,David Todd,Bangladesh
3 Bangladesh,Samantha,Rivas,Female,Samantha Rivas,Bangladesh
4 Bangladesh,Christian,Cooper,Male,Christian Cooper,Bangladesh
5 Bangladesh,Michael,Smith,Male,Michael Smith,Bangladesh
6 Bangladesh,Jeffrey,Walker,Male,Jeffrey Walker,Bangladesh
7 Bangladesh,Felicia,Williams,Female,Felicia Williams,Bangladesh
8 Bangladesh,Corey,Davis,Male,Corey Davis,Bangladesh
9 Bangladesh,Frederick,Lewis,Male,Frederick Lewis,Bangladesh
10 Bangladesh,Stephanie,Bryant,Female,Stephanie Bryant,Bangladesh
11 Bangladesh,James,Hawkins,Male,James Hawkins,Bangladesh
1 Sri Lanka,Pamela,Roberts,Female,Pamela Roberts,Sri Lanka
2 Sri Lanka,Cindy,Daniel,Female,Cindy Daniel,Sri Lanka
3 Sri Lanka,Matthew,Hernandez,Male,Matthew Hernandez,Sri Lanka
4 Sri Lanka,Dana,Ali,Female,Dana Ali,Sri Lanka
5 Sri Lanka,Kelly,Morales,Female,Kelly Morales,Sri Lanka
6 Sri Lanka,Bruce,Hall,Male,Bruce Hall,Sri Lanka
7 Sri Lanka,Brian,Hill,Male,Brian Hill,Sri Lanka
8 Sri Lanka,Pamela,Levine,Female,Pamela Levine,Sri Lanka
9 Sri Lanka,Jonathan,Jones,Male,Jonathan Jones,Sri Lanka
10 Sri Lanka,Andrea,Williams,Female,Andrea Williams,Sri Lanka
11 Sri Lanka,Victor,Ward,Male,Victor Ward,Sri Lanka
1 Netherlands,Jennifer,Sanchez,Female,Jennifer Sanchez,Netherlands
2 Netherlands,Rachel,Miller,Female,Rachel Miller,Netherlands
3 Netherlands,Shane,Hardin,Male,Shane Hardin,Netherlands
4 Netherlands,Zachary,Dean,Male,Zachary Dean,Netherlands
5 Netherlands,David,Moore,Male,David Moore,Netherlands
6 Netherlands,Courtney,Anderson,Female,Courtney Anderson,Netherlands
7 Netherlands,Micheal,Davis,Male,Micheal Davis,Netherlands
8 Netherlands,Sandra,Clark,Female,Sandra Clark,Netherlands
9 Netherlands,Kristen,Garcia,Female,Kristen Garcia,Netherlands
10 Netherlands,Curtis,Cooper,Male,Curtis Cooper,Netherlands
11 Netherlands,John,Riggs,Male,John Riggs,Netherlands
1 Nepal,Anne,Black,Female,Anne Black,Nepal
2 Nepal,Mary,Velazquez,Female,Mary Velazquez,Nepal
3 Nepal,Ryan,Ryan,Male,Ryan Ryan,Nepal
4 Nepal,Sherri,Smith,Female,Sherri Smith,Nepal
5 Nepal,Tammy,Carter,Female,Tammy Carter,Nepal
6 Nepal,Kevin,Preston,Male,Kevin Preston,Nepal
7 Nepal,Jon,Jones,Male,Jon Jones,Nepal
8 Nepal,Gabrielle,Wilkins,Female,Gabrielle Wilkins,Nepal
9 Nepal,Derrick,Chase,Male,Derrick Chase,Nepal
10 Nepal,Sheena,Bean,Female,Sheena Bean,Nepal
11 Nepal,Krista,Tucker,Female,Krista Tucker,Nepal
