Title,First Name,Middle Name,Last Name,Gender,Email Address,Phone Number
Mr,Amber,Dawn,Farley,Female,amber.farley@example.com,5101152368
Mrs,John,,Fernandez,Female,john.fernandez@example.com,418108706
Ms,Daniel,,Bartlett,Female,daniel.bartlett@example.com,1457057707
Mr,Brandon,,Butler,Male,brandon.butler@example.com,8797490813
Mr,Laura,,Mccormick,Male,laura.mccormick@example.com,4803600902
Mr,Brian,,Howard,Male,brian.howard@example.com,839267374
Mr,Cody,Brian,Jordan,Male,cody.jordan@example.com,5191897870
Mr,Kelsey,Peter,Woods,Male,kelsey.woods@example.com,2781786463
Dr,Donna,Christina,Clark,Male,donna.clark@example.com,2375903182
Mrs,Reginald,James,Meza,Female,reginald.meza@example.com,7650846167
Ms,Dylan,,Carter,Female,dylan.carter@example.com,5956663340
Ms,Kelsey,,Hernandez,Male,kelsey.hernandez@example.com,3430080818
Dr,Evan,,Johnson,Female,evan.johnson@example.com,9884432275
Dr,Desiree,Andrew,Frye,Male,desiree.frye@example.com,5287744627
Mr,Tyler,Eric,Calderon,Female,tyler.calderon@example.com,4500645611
Dr,Luke,,James,Male,luke.james@example.com,1696976709
Mrs,Taylor,,Miller,Male,taylor.miller@example.com,8870277378
Ms,Kylie,Heather,Williams,Female,kylie.williams@example.com,7055756940
Dr,Rodney,,Maldonado,Female,rodney.maldonado@example.com,685717971
Mr,Rodney,,Lee,Male,rodney.lee@example.com,1174576392
Mr,Crystal,,Walker,Female,crystal.walker@example.com,9554993410
Dr,Frank,,Harvey,Female,frank.harvey@example.com,5403065622
Mrs,Daniel,,Mccoy,Male,daniel.mccoy@example.com,5274823171
Mr,Brenda,,Shaw,Female,brenda.shaw@example.com,4349141192
Mrs,Cynthia,James,Meyer,Male,cynthia.meyer@example.com,6577059533
Dr,Jonathan,,Foster,Female,jonathan.foster@example.com,2740809468
Dr,Johnny,,Daniel,Male,johnny.daniel@example.com,2828676984
Ms,Dylan,Stephen,Jensen,Female,dylan.jensen@example.com,6197745102
Ms,Heidi,Michele,Rangel,Female,heidi.rangel@example.com,9169651210
Mrs,Lisa,,Snyder,Male,lisa.snyder@example.com,8260194543
Ms,Elizabeth,,Roy,Male,elizabeth.roy@example.com,2081624298
Mrs,Hailey,,Santiago,Male,hailey.santiago@example.com,1331072972
Mrs,Melissa,,Smith,Male,melissa.smith@example.com,3606381981
Dr,Jody,,Kemp,Female,jody.kemp@example.com,2489571256
Ms,Brittany,,Romero,Male,brittany.romero@example.com,5675780957
Mrs,Gina,Nicholas,Reyes,Female,gina.reyes@example.com,4984122816
Mrs,Deborah,,Bell,Female,deborah.bell@example.com,6420269057
Mrs,John,Kelly,Mccormick,Female,john.mccormick@example.com,6566480225
Ms,Mary,,Watson,Female,mary.watson@example.com,9529345140
Mr,Jennifer,,Pearson,Female,jennifer.pearson@example.com,5222688955
Ms,Rebecca,,Davis,Male,rebecca.davis@example.com,201922954
Dr,Janet,,Estrada,Female,janet.estrada@example.com,460346438
Mrs,Brittany,,Johnson,Male,brittany.johnson@example.com,3144940477
Mrs,Adriana,Brandy,Owens,Male,adriana.owens@example.com,5762088606
Mrs,Leah,,Cox,Male,leah.cox@example.com,2690165667
Dr,Donald,,Johns,Male,donald.johns@example.com,1951646841
Mr,Charles,,Mullen,Female,charles.mullen@example.com,8132384849
Mr,Tracy,Robert,Phillips,Female,tracy.phillips@example.com,7082752077
Mr,Jason,,George,Male,jason.george@example.com,1574873950
Ms,Lisa,Dustin,Anderson,Female,lisa.anderson@example.com,5938116066
Mrs,Travis,,Page,Female,travis.page@example.com,2638653719
Ms,Angela,,Nguyen,Female,angela.nguyen@example.com,315296410
Dr,Mark,,Beasley,Female,mark.beasley@example.com,2535463187
Dr,William,,Wiley,Male,william.wiley@example.com,1951584722
Dr,Peter,Nicole,Fernandez,Male,peter.fernandez@example.com,4985794846
Mrs,Caleb,,Murphy,Female,caleb.murphy@example.com,8537468118
Mr,Shirley,Luis,Adams,Male,shirley.adams@example.com,3153691296
Dr,Melissa,Peter,Camacho,Male,melissa.camacho@example.com,6281591690
Ms,Jon,,Roberts,Male,jon.roberts@example.com,8934436524
Dr,Charles,,Sparks,Female,charles.sparks@example.com,2763110739
Ms,Katie,,Hendricks,Male,katie.hendricks@example.com,4198846352
Ms,Rebecca,,Williams,Male,rebecca.williams@example.com,5263528212
Mrs,Kevin,,Reed,Male,kevin.reed@example.com,5852111459
Ms,Zachary,,Howell,Male,zachary.howell@example.com,9696854646
Dr,Richard,,Morgan,Female,richard.morgan@example.com,5028475390
Mr,Daniel,,Fernandez,Male,daniel.fernandez@example.com,3135228279
Ms,Jeremiah,,Johnson,Female,jeremiah.johnson@example.com,15297881
Dr,Lori,,Powell,Male,lori.powell@example.com,8502026212
Ms,Brittany,,Barker,Female,brittany.barker@example.com,5996177672
Mr,Brian,Gary,Smith,Male,brian.smith@example.com,5951523482
Mrs,Jacob,Jeffery,Nguyen,Female,jacob.nguyen@example.com,980147347
Dr,Lance,,Nelson,Male,lance.nelson@example.com,6852750466
Mrs,Oscar,,Ortiz,Female,oscar.ortiz@example.com,686810080
Mr,Richard,Julie,Kent,Female,richard.kent@example.com,6725454107
Dr,Sarah,,Davis,Male,sarah.davis@example.com,8139096224
Ms,Jennifer,Scott,Kaufman,Female,jennifer.kaufman@example.com,7670695939
Mrs,Anthony,,Dorsey,Male,anthony.dorsey@example.com,2030373831
Mrs,Whitney,,Herrera,Male,whitney.herrera@example.com,8579645840
Mrs,William,,Frazier,Female,william.frazier@example.com,6079887369
Ms,Cassandra,,Anderson,Male,cassandra.anderson@example.com,1578935240
Dr,Kathryn,,Larson,Female,kathryn.larson@example.com,5608552458
Dr,Meredith,Kimberly,Bailey,Female,meredith.bailey@example.com,7482986914
Mrs,Kelly,Cody,Young,Male,kelly.young@example.com,332659656
Dr,Mindy,,Phillips,Male,mindy.phillips@example.com,9554787027
Mr,Benjamin,,Jones,Male,benjamin.jones@example.com,8620135636
Mr,Jacqueline,,Jenkins,Female,jacqueline.jenkins@example.com,4181607395
Dr,Connie,,Golden,Female,connie.golden@example.com,2474074174
Ms,Jessica,,Burton,Female,jessica.burton@example.com,6064906285
Dr,Steven,,Perkins,Female,steven.perkins@example.com,5636242003
Ms,Lisa,Brandy,French,Male,lisa.french@example.com,3822047834
Mr,Karen,,Nguyen,Male,karen.nguyen@example.com,641541979
Ms,Christian,Stephanie,Morales,Male,christian.morales@example.com,1365144880
Mr,Denise,,Boyer,Female,denise.boyer@example.com,2899472110
Mr,Thomas,,Green,Male,thomas.green@example.com,7078181990
Mrs,Tonya,Angela,Jones,Male,tonya.jones@example.com,2739867671
Dr,James,,Gomez,Male,james.gomez@example.com,2338254100
Ms,Erik,Tyler,Dean,Female,erik.dean@example.com,692674854
Dr,Vincent,Donna,Torres,Male,vincent.torres@example.com,3212620240
Mrs,Caroline,,Soto,Male,caroline.soto@example.com,1918007393
Mrs,Angela,,Gilbert,Female,angela.gilbert@example.com,4192511142
Mr,Anthony,Sherry,Ferguson,Female,anthony.ferguson@example.com,2618323832
Mr,Laura,Jennifer,Sanchez,Female,laura.sanchez@example.com,411975788
Mrs,Timothy,,Cuevas,Male,timothy.cuevas@example.com,3038611349
Dr,Tammy,,Austin,Female,tammy.austin@example.com,2114847656
Mr,Jennifer,James,Mejia,Male,jennifer.mejia@example.com,2185711665
Dr,Craig,,Oneill,Male,craig.oneill@example.com,191336020
Mrs,Brandon,,Fry,Female,brandon.fry@example.com,4334466340
Ms,Jerry,,Mack,Male,jerry.mack@example.com,7383926484
Ms,Stacey,,Hoover,Male,stacey.hoover@example.com,3506439263
Mrs,Morgan,Grant,Stanley,Male,morgan.stanley@example.com,7600134874
Ms,Jennifer,Mary,Hunter,Female,jennifer.hunter@example.com,6886428154
Mr,Kimberly,,Kim,Male,kimberly.kim@example.com,5747592459
Mr,Erica,,Myers,Male,erica.myers@example.com,7435080402
Dr,Sharon,,Lawrence,Female,sharon.lawrence@example.com,7795419288
Ms,Wesley,,Burgess,Female,wesley.burgess@example.com,745569527
Dr,Brett,,Howell,Male,brett.howell@example.com,2513431043
Mrs,Christopher,,Morgan,Female,christopher.morgan@example.com,6607728253
Mr,Matthew,,Willis,Male,matthew.willis@example.com,5245915769
Ms,Jody,,Rodriguez,Female,jody.rodriguez@example.com,1136053665
Mrs,Mark,,Sanchez,Male,mark.sanchez@example.com,5281788556
Dr,Tracy,,Lucas,Female,tracy.lucas@example.com,1484832108
Mrs,Jennifer,,Finley,Female,jennifer.finley@example.com,104387097
Ms,Gary,Michael,Harrison,Female,gary.harrison@example.com,3339128169
Ms,Samantha,Crystal,Robbins,Female,samantha.robbins@example.com,665000259
Mr,Michael,,Bell,Female,michael.bell@example.com,9201226948
Mr,Lisa,,Rasmussen,Female,lisa.rasmussen@example.com,9767813765
Mr,Emily,Robert,Price,Female,emily.price@example.com,9199858102
Dr,Sarah,,Wilson,Male,sarah.wilson@example.com,3953956775
Mrs,Jennifer,,Hubbard,Female,jennifer.hubbard@example.com,983651850
Mr,Tony,,Waller,Female,tony.waller@example.com,4148943349
Ms,Crystal,,Ford,Female,crystal.ford@example.com,2229479760
Ms,Brandy,,Hill,Female,brandy.hill@example.com,3480330051
Dr,Martin,,Gutierrez,Male,martin.gutierrez@example.com,2542782173
Dr,Melanie,Ashley,Anderson,Male,melanie.anderson@example.com,8516679436
Ms,Kristina,,Williams,Male,kristina.williams@example.com,3111805981
Ms,Ernest,,Melton,Male,ernest.melton@example.com,8533959705
Ms,James,Kevin,Orozco,Male,james.orozco@example.com,4681360540
Dr,Kevin,,Pierce,Female,kevin.pierce@example.com,9377466126
Mr,Michael,,Garza,Female,michael.garza@example.com,5147658036
Dr,Dawn,Brian,Martin,Male,dawn.martin@example.com,8099773798
Mr,John,,Wright,Female,john.wright@example.com,4649560949
Mrs,Tyler,,Williams,Female,tyler.williams@example.com,8984541733
Mr,Bobby,,Smith,Female,bobby.smith@example.com,6455713415
Mrs,Harold,Janice,Lowe,Male,harold.lowe@example.com,4671433491
Dr,James,Carl,Wilcox,Female,james.wilcox@example.com,5365927586
Mrs,Kevin,,Ware,Male,kevin.ware@example.com,6409671615
Mrs,Billy,,Davis,Male,billy.davis@example.com,2709840981
Dr,David,,Knight,Female,david.knight@example.com,5846685076
Dr,Catherine,,Short,Female,catherine.short@example.com,8675103670
Dr,James,,Jimenez,Female,james.jimenez@example.com,3002488605
Ms,Jennifer,Luke,Johnson,Female,jennifer.johnson@example.com,8669832386
Dr,Michael,,Reed,Male,michael.reed@example.com,7725493348
Mr,Theresa,,Rivas,Male,theresa.rivas@example.com,4420156869
Ms,Alisha,Kimberly,Perry,Female,alisha.perry@example.com,3012837800
Dr,Alicia,,Marks,Female,alicia.marks@example.com,4352597430
Mrs,Jeffrey,,Arnold,Female,jeffrey.arnold@example.com,3923493120
Dr,Wanda,Drew,Simmons,Male,wanda.simmons@example.com,1708834222
Ms,Melissa,,Downs,Male,melissa.downs@example.com,9862102188
Mr,Leah,,Daniel,Male,leah.daniel@example.com,8334932958
Mrs,Sandra,,Howard,Male,sandra.howard@example.com,9159592081
Mrs,Jacob,,Marshall,Female,jacob.marshall@example.com,9524671447
Ms,Randall,,Lowe,Male,randall.lowe@example.com,5649452581
Ms,Amber,,Green,Male,amber.green@example.com,8734085718
Mr,Karen,,Townsend,Male,karen.townsend@example.com,5528535078
Mrs,Sean,Jerry,Matthews,Female,sean.matthews@example.com,6335102336
Mrs,Nicole,,Ford,Female,nicole.ford@example.com,1417851728
Mr,Eric,Kathy,Thomas,Female,eric.thomas@example.com,5167364653
Mr,Dawn,Ralph,Hill,Male,dawn.hill@example.com,1120072481
Mrs,Samuel,,Williams,Male,samuel.williams@example.com,1020701645
Mr,Timothy,,Warner,Male,timothy.warner@example.com,9042067392
Dr,Adrienne,,Wyatt,Male,adrienne.wyatt@example.com,4295532059
Mr,Sierra,,Medina,Male,sierra.medina@example.com,178717572
Mr,Juan,,Stewart,Female,juan.stewart@example.com,4514212632
Mr,Melinda,Joseph,Diaz,Male,melinda.diaz@example.com,327024435
Ms,Dana,,Brown,Male,dana.brown@example.com,4402882140
Mrs,Barbara,,Hanna,Female,barbara.hanna@example.com,9195010013
Dr,Mikayla,,Newman,Female,mikayla.newman@example.com,563689747
Mrs,Kenneth,,Gonzalez,Female,kenneth.gonzalez@example.com,1369279982
Mr,David,,Meyer,Female,david.meyer@example.com,2964940969
Dr,Katrina,Hannah,Richard,Female,katrina.richard@example.com,3334250406
Dr,Andrew,,Barber,Female,andrew.barber@example.com,7638254373
Ms,Christine,,Morgan,Female,christine.morgan@example.com,2413810342
Mrs,Amy,,Mckenzie,Male,amy.mckenzie@example.com,6091953722
Ms,Lisa,,Hill,Female,lisa.hill@example.com,6459688044
Mr,Raven,,Cook,Female,raven.cook@example.com,3956349061
Mrs,Travis,,Martin,Male,travis.martin@example.com,3671969635
Ms,Carlos,,Jones,Male,carlos.jones@example.com,7036998068
Dr,Donald,,Fisher,Female,donald.fisher@example.com,3756796392
Ms,Christopher,,Wright,Female,christopher.wright@example.com,1543625409
Ms,Elizabeth,,Henderson,Female,elizabeth.henderson@example.com,9351725744
Mr,Ryan,Michael,Ellis,Male,ryan.ellis@example.com,7259608422
Ms,Alison,,Jones,Male,alison.jones@example.com,6942562130
Ms,Randall,Samantha,Hunter,Male,randall.hunter@example.com,2873257711
Mr,Michelle,,Arnold,Female,michelle.arnold@example.com,6383127421
Mr,Michael,Dawn,Lewis,Male,michael.lewis@example.com,4456346008
Dr,Michael,,Adkins,Male,michael.adkins@example.com,5354722127
Mrs,Ryan,,Morrison,Male,ryan.morrison@example.com,485321586
Dr,Theresa,,Green,Female,theresa.green@example.com,256070907
Ms,Matthew,,Tucker,Female,matthew.tucker@example.com,2588990667
Ms,Scott,Brian,Glover,Female,scott.glover@example.com,6019624956
Ms,Matthew,,Wise,Female,matthew.wise@example.com,8153566819
Mr,Deanna,,Hart,Male,deanna.hart@example.com,9562371030
Mrs,Sandra,Daniel,Chan,Male,sandra.chan@example.com,3301451012
Mr,Daniel,,Taylor,Female,daniel.taylor@example.com,8078563701
Mr,Alec,,Ray,Female,alec.ray@example.com,539097411
Ms,Theresa,,Garcia,Male,theresa.garcia@example.com,2251383087
Dr,Vickie,,Lopez,Male,vickie.lopez@example.com,5316547942
Mr,Ariel,,Ramirez,Male,ariel.ramirez@example.com,1244219239
Mr,Jessica,,Martha,Female,jessica.martha@example.com,6384436213
Mrs,Herbert,David,Smith,Female,herbert.smith@example.com,2328992345
Mrs,Cody,,Hill,Male,cody.hill@example.com,3429189827
Mr,Sydney,,Juarez,Male,sydney.juarez@example.com,7912855784
Ms,Emily,Mathew,Lamb,Male,emily.lamb@example.com,3863247028
Dr,Danielle,,Spencer,Male,danielle.spencer@example.com,998187322
Mr,Amanda,,Burns,Female,amanda.burns@example.com,5773308447
Ms,Lori,,Martin,Female,lori.martin@example.com,9444021319
Mr,Robert,,Collins,Female,robert.collins@example.com,4624670596
Mrs,Matthew,,Anderson,Female,matthew.anderson@example.com,7257441865
Mr,Denise,,Elliott,Male,denise.elliott@example.com,6890980194
Mrs,Matthew,,Leblanc,Male,matthew.leblanc@example.com,9202030295
Ms,Jack,David,Johnson,Female,jack.johnson@example.com,8046778674
Ms,Jennifer,,Rogers,Female,jennifer.rogers@example.com,9193086907
Ms,Shannon,,Owens,Male,shannon.owens@example.com,1970932381
Dr,Jonathon,,Larsen,Male,jonathon.larsen@example.com,5568705346
Mrs,Regina,,Miller,Male,regina.miller@example.com,9164936423
Mr,Tammy,Scott,Hancock,Male,tammy.hancock@example.com,6566549964
Dr,Amber,,Lee,Female,amber.lee@example.com,4098530539
Mrs,Joseph,,Robinson,Female,joseph.robinson@example.com,3189380203
Mrs,Michelle,,Bradley,Male,michelle.bradley@example.com,864211836
Dr,Aaron,,Lee,Female,aaron.lee@example.com,9852844369
Mrs,Steven,,Drake,Male,steven.drake@example.com,2693223139
Ms,Donald,,Baldwin,Male,donald.baldwin@example.com,5914887800
Ms,Lawrence,,Johnson,Male,lawrence.johnson@example.com,6462342123
Mrs,Carolyn,Brandon,Perry,Female,carolyn.perry@example.com,8722332624
Mr,Jesse,,Smith,Female,jesse.smith@example.com,3097414443
Mr,Connie,Michele,Huynh,Male,connie.huynh@example.com,5947151929
Mr,Joshua,,Gray,Female,joshua.gray@example.com,8848353826
Mr,Brad,Jacqueline,Burke,Female,brad.burke@example.com,8289174237
Dr,Teresa,Luis,Singleton,Male,teresa.singleton@example.com,7258265690
Mrs,Margaret,,Velasquez,Female,margaret.velasquez@example.com,8644980329
Mr,Brian,Steven,Blanchard,Male,brian.blanchard@example.com,172394845
Ms,Carlos,,Gray,Male,carlos.gray@example.com,402269287
Ms,Cameron,,Hinton,Male,cameron.hinton@example.com,1467679848
Ms,Maria,,Santiago,Male,maria.santiago@example.com,5596537748
Dr,Melinda,Paul,Raymond,Female,melinda.raymond@example.com,4149155028
Mrs,Brandon,,Cisneros,Female,brandon.cisneros@example.com,5665243605
Ms,Nicholas,,Durham,Female,nicholas.durham@example.com,1184387546
Mrs,Mary,Marilyn,Humphrey,Female,mary.humphrey@example.com,4109279589
Mrs,James,,Rodriguez,Female,james.rodriguez@example.com,1896741562
Ms,Kim,,Nichols,Female,kim.nichols@example.com,2027041256
Mrs,Nicholas,,Murphy,Male,nicholas.murphy@example.com,2447008659
Ms,Jennifer,Frank,Delgado,Female,jennifer.delgado@example.com,5611163843
Mr,Sue,,Thompson,Male,sue.thompson@example.com,1622690330
Dr,Jason,Joanne,Brown,Female,jason.brown@example.com,1073597255
Mrs,Teresa,,Smith,Female,teresa.smith@example.com,5164736361
Mrs,James,,Maddox,Male,james.maddox@example.com,2030297552
Ms,Samuel,,Willis,Female,samuel.willis@example.com,4646486898
Mr,Dawn,,Miller,Female,dawn.miller@example.com,8100532727
Dr,Antonio,,Payne,Female,antonio.payne@example.com,455000381
Ms,Gloria,Leslie,Odom,Female,gloria.odom@example.com,5710931290
Ms,Gerald,Adam,Thomas,Male,gerald.thomas@example.com,5327340582
Mrs,Tiffany,,Johnson,Female,tiffany.johnson@example.com,8055192327
Mrs,Jeremy,Michael,Mullins,Male,jeremy.mullins@example.com,7708206029
Mrs,Todd,,Morales,Female,todd.morales@example.com,2070101638
Mrs,Cynthia,,Jackson,Male,cynthia.jackson@example.com,406582464
Ms,William,,Padilla,Male,william.padilla@example.com,3410755706
Mr,Sarah,,Brown,Female,sarah.brown@example.com,4185828349
Dr,Adam,April,Williams,Male,adam.williams@example.com,7834675445
Dr,Jon,Dylan,Kelly,Male,jon.kelly@example.com,1059403881
Mrs,Gary,,Griffin,Female,gary.griffin@example.com,6739699459
Mrs,Amanda,Jeffrey,Jones,Male,amanda.jones@example.com,7874583753
Mrs,Shelby,,Gonzales,Male,shelby.gonzales@example.com,1532950451
Mr,Lisa,,Cardenas,Male,lisa.cardenas@example.com,387951868
Ms,Gregory,Allen,Wilson,Male,gregory.wilson@example.com,5574826218
Mr,Jeffrey,,Brewer,Female,jeffrey.brewer@example.com,5546819957
Mrs,Amber,,Craig,Female,amber.craig@example.com,5583711393
Dr,Ruth,,Conley,Male,ruth.conley@example.com,9306493297
Mrs,David,Michael,Dean,Male,david.dean@example.com,6125039585
Mrs,Cynthia,James,Herring,Female,cynthia.herring@example.com,1799371271
Mr,Robert,,Flores,Female,robert.flores@example.com,4628561775
Mrs,Cody,Tyler,Harris,Male,cody.harris@example.com,4701918792
Mrs,Austin,,Meadows,Female,austin.meadows@example.com,8688590139
Mr,Brett,Melissa,Blevins,Male,brett.blevins@example.com,5507726340
Mr,Larry,,Roy,Female,larry.roy@example.com,3020880039
Mrs,Robert,,Morgan,Male,robert.morgan@example.com,4912785109
Mr,Rose,,Ruiz,Male,rose.ruiz@example.com,9569105307
Mrs,Joshua,,Green,Female,joshua.green@example.com,3528009410
Ms,Joseph,Richard,Lewis,Female,joseph.lewis@example.com,9375177575
Mr,Robyn,,Brennan,Male,robyn.brennan@example.com,6675257969
Dr,Todd,,Atkinson,Female,todd.atkinson@example.com,1783210567
Dr,Daniel,,Baker,Female,daniel.baker@example.com,3736218204
Mrs,Martin,Sarah,Rivera,Female,martin.rivera@example.com,6406900667
Ms,Jennifer,,Vargas,Male,jennifer.vargas@example.com,2636031900
Ms,Lisa,,Fletcher,Female,lisa.fletcher@example.com,7272665890
Dr,Anne,,Kirk,Female,anne.kirk@example.com,8730738236
Mr,Ann,,Harrison,Female,ann.harrison@example.com,1407938652
Ms,Holly,,Schroeder,Male,holly.schroeder@example.com,6482601879
Mr,Kristine,,Roberts,Female,kristine.roberts@example.com,588423519
Mr,Nicholas,,Malone,Male,nicholas.malone@example.com,218332069
Dr,Alicia,Brenda,Perez,Female,alicia.perez@example.com,6982045633
Ms,Tanya,,Castillo,Female,tanya.castillo@example.com,5946134455
Ms,Amanda,,Vaughn,Female,amanda.vaughn@example.com,5896895749
Mr,Kirk,,Stephens,Female,kirk.stephens@example.com,1592319435
Dr,Derek,,Hutchinson,Female,derek.hutchinson@example.com,2405709561
Mrs,Joseph,Karen,Garcia,Male,joseph.garcia@example.com,4020508901
Mr,Christopher,Sarah,Ibarra,Male,christopher.ibarra@example.com,3505030139
Dr,Grace,,Sullivan,Female,grace.sullivan@example.com,4940483473
Dr,Theodore,,Osborne,Female,theodore.osborne@example.com,6844314470
Ms,Sharon,James,Beltran,Female,sharon.beltran@example.com,956685680
Ms,Dennis,,Christian,Female,dennis.christian@example.com,5902978952
Mr,Nicole,Erik,Scott,Female,nicole.scott@example.com,5020250159
Dr,Mary,Samantha,Proctor,Male,mary.proctor@example.com,3972424112
Mr,Jenna,,Hines,Male,jenna.hines@example.com,139484391
Dr,Craig,,Hart,Male,craig.hart@example.com,8639068014
Dr,Margaret,Catherine,Wilkins,Female,margaret.wilkins@example.com,2063285544
Mrs,Russell,Devin,Stephens,Male,russell.stephens@example.com,9386910212
Mrs,Paul,,Williams,Female,paul.williams@example.com,4545457173
Ms,Robert,,Arnold,Female,robert.arnold@example.com,5305708943
Mr,Frederick,,Allison,Male,frederick.allison@example.com,2128035682
Mrs,Daniel,Jessica,Goodwin,Female,daniel.goodwin@example.com,9503830442
Dr,Catherine,,Gibbs,Male,catherine.gibbs@example.com,7009351065
Mr,Maria,Lucas,Holmes,Male,maria.holmes@example.com,9000123988
Mrs,Barbara,,Williams,Female,barbara.williams@example.com,9049180635
Dr,Jessica,Tracy,Martin,Female,jessica.martin@example.com,1609651894
Ms,Kathryn,,Walsh,Male,kathryn.walsh@example.com,6852269336
Ms,Jennifer,Jennifer,Moore,Male,jennifer.moore@example.com,9778040719
Dr,Amanda,Daniel,King,Female,amanda.king@example.com,6486257673
Ms,Christina,,Chambers,Male,christina.chambers@example.com,6437585056
Ms,Alex,,Todd,Female,alex.todd@example.com,8767036437
Mr,Mary,Katherine,Duffy,Female,mary.duffy@example.com,6668844339
Mr,Eric,,Bowen,Female,eric.bowen@example.com,5359782139
Mrs,Linda,,Anderson,Male,linda.anderson@example.com,6451189255
Ms,Kenneth,,Singh,Male,kenneth.singh@example.com,9643326047
Dr,Cameron,,Jenkins,Male,cameron.jenkins@example.com,6840390351
Mrs,Carlos,,Hester,Female,carlos.hester@example.com,8166247651
Dr,Roberta,Julie,Powell,Male,roberta.powell@example.com,1242214985
Ms,Suzanne,,Martin,Male,suzanne.martin@example.com,5525678049
Ms,Jeffrey,,Rivas,Male,jeffrey.rivas@example.com,9236363506
Dr,Sarah,,Benton,Female,sarah.benton@example.com,6464681184
Mrs,Christopher,,Brooks,Female,christopher.brooks@example.com,9646778565
Mrs,Patricia,,Wright,Male,patricia.wright@example.com,6987032748
Dr,Julian,Nicholas,Castro,Female,julian.castro@example.com,9881622511
Mr,Michael,Sophia,Cervantes,Male,michael.cervantes@example.com,3520261655
Mrs,Anthony,Mikayla,Brady,Female,anthony.brady@example.com,9284026953
Mrs,Jacqueline,Sarah,Rose,Male,jacqueline.rose@example.com,537709851
Dr,Deborah,,Sampson,Male,deborah.sampson@example.com,6059187723
Dr,Jenna,,Taylor,Female,jenna.taylor@example.com,7359415540
Ms,Susan,Taylor,Sullivan,Female,susan.sullivan@example.com,4358020929
Mr,Mario,,Goodwin,Male,mario.goodwin@example.com,4156354404
Dr,Kathryn,Joel,Moreno,Female,kathryn.moreno@example.com,2112940321
Ms,Brian,Douglas,Powell,Male,brian.powell@example.com,1632277947
Dr,Courtney,,Gonzalez,Female,courtney.gonzalez@example.com,7278946147
Mrs,Amanda,,Stout,Female,amanda.stout@example.com,2012162432
Ms,Patrick,,Wallace,Male,patrick.wallace@example.com,5551475706
Mr,Bruce,,Miller,Male,bruce.miller@example.com,4685172262
Dr,Daniel,,Quinn,Male,daniel.quinn@example.com,97238923
Dr,Karen,Penny,Gonzalez,Male,karen.gonzalez@example.com,613924999
Mrs,Lindsey,,Lang,Female,lindsey.lang@example.com,7668051686
Dr,Michael,,Williams,Female,michael.williams@example.com,8061621634
Mrs,Cindy,,Copeland,Female,cindy.copeland@example.com,3892228222
Mrs,Jacqueline,,Lee,Male,jacqueline.lee@example.com,6230257603
Ms,Hannah,,Wood,Male,hannah.wood@example.com,1032292875
Ms,Beth,,Gilmore,Male,beth.gilmore@example.com,526351218
Ms,Justin,Joe,Johnson,Female,justin.johnson@example.com,228313900
Ms,Michael,Steven,Clay,Male,michael.clay@example.com,7332619262
Dr,Gabriel,,Jones,Male,gabriel.jones@example.com,1697534623
Mr,Phillip,Michael,Mcbride,Female,phillip.mcbride@example.com,4403713572
Dr,Cynthia,,Williams,Female,cynthia.williams@example.com,9533460197
Mr,Mark,,Brown,Male,mark.brown@example.com,6696403998
Ms,Paul,Colleen,Griffin,Male,paul.griffin@example.com,2610437626
Dr,Alicia,,Hoffman,Male,alicia.hoffman@example.com,7442722773
Dr,Brian,Lindsey,Allen,Female,brian.allen@example.com,6216943716
Dr,Kimberly,,Maldonado,Female,kimberly.maldonado@example.com,3426648664
Mrs,Gina,,Harrison,Female,gina.harrison@example.com,6085387256
Dr,Christopher,Brandon,Nunez,Male,christopher.nunez@example.com,9701015659
Mrs,Nathan,,Brown,Male,nathan.brown@example.com,2145710608
Mr,Stephanie,Ronald,Dean,Female,stephanie.dean@example.com,8788291256
Ms,Jill,,Howard,Male,jill.howard@example.com,363347729
Mrs,Sandra,,Daniels,Male,sandra.daniels@example.com,9729210679
Ms,Suzanne,,Harris,Male,suzanne.harris@example.com,9389631857
Ms,Laura,,Burke,Male,laura.burke@example.com,7867328129
Mrs,Shelly,,Carpenter,Male,shelly.carpenter@example.com,3700148451
Ms,George,Andrea,Hinton,Male,george.hinton@example.com,7859250289
Dr,Rachael,,Jimenez,Male,rachael.jimenez@example.com,120504737
Mrs,Eugene,,Garcia,Male,eugene.garcia@example.com,9368068374
Ms,Kevin,Tammy,Clark,Male,kevin.clark@example.com,9609175564
Mrs,Sherry,,Jackson,Male,sherry.jackson@example.com,719388076
Mr,John,Mary,Garcia,Female,john.garcia@example.com,1170015764
Mrs,Steven,,Williams,Female,steven.williams@example.com,3421073915
Mrs,Gabrielle,,Mcknight,Female,gabrielle.mcknight@example.com,9385141318
Dr,Brandy,,Lewis,Male,brandy.lewis@example.com,8626090418
Dr,Charles,Ashley,Moore,Male,charles.moore@example.com,5697852709
Mrs,Jamie,,Williams,Male,jamie.williams@example.com,6358356668
Mrs,Alexandria,Daniel,Serrano,Male,alexandria.serrano@example.com,9215027621
Mrs,Maria,Nicholas,Griffin,Male,maria.griffin@example.com,5058898403
Mrs,Michael,Justin,Russell,Female,michael.russell@example.com,9688464456
Dr,Jennifer,Tracey,Maxwell,Female,jennifer.maxwell@example.com,4104745564
Mrs,Jill,,Dunn,Female,jill.dunn@example.com,8355096224
Mrs,Alicia,,Lewis,Male,alicia.lewis@example.com,2168930041
Mr,Kimberly,Andrew,Hernandez,Male,kimberly.hernandez@example.com,4310670727
Dr,Rodney,,Stewart,Male,rodney.stewart@example.com,5872519128
Ms,Michael,,Dixon,Female,michael.dixon@example.com,5396580833
Mrs,Christopher,,Allen,Male,christopher.allen@example.com,735495072
Mr,Kelly,,Carr,Female,kelly.carr@example.com,8287993967
Dr,Alicia,Alyssa,Becker,Female,alicia.becker@example.com,2241138765
Mr,Teresa,,Martin,Male,teresa.martin@example.com,2687202808
Ms,Lee,,Knapp,Male,lee.knapp@example.com,1816720590
Ms,Ryan,,Franklin,Female,ryan.franklin@example.com,2032745906
Dr,Edward,,Deleon,Female,edward.deleon@example.com,283995668
Mrs,Melissa,,Barrett,Female,melissa.barrett@example.com,4322657878
Dr,Heather,,Mack,Male,heather.mack@example.com,9093385224
Ms,Mark,,Brewer,Female,mark.brewer@example.com,8644651783
Ms,William,Paul,Harrison,Female,william.harrison@example.com,5829475781
Dr,Nathaniel,,Bell,Male,nathaniel.bell@example.com,6666763199
Mr,Christopher,,Miller,Female,christopher.miller@example.com,3943648793
Dr,Reginald,,Robbins,Male,reginald.robbins@example.com,873977169
Mr,Kathleen,,Jones,Male,kathleen.jones@example.com,6549698775
Dr,Timothy,,Gonzalez,Male,timothy.gonzalez@example.com,5831935709
Mrs,Sabrina,,Gonzalez,Male,sabrina.gonzalez@example.com,1984145577
Mr,Travis,,Miller,Male,travis.miller@example.com,8903709235
Mr,Melissa,,Allen,Female,melissa.allen@example.com,5891206149
Mrs,Molly,,Choi,Male,molly.choi@example.com,2266545927
Mr,Kimberly,,Walton,Female,kimberly.walton@example.com,5933971235
Mrs,Lisa,Larry,Miller,Male,lisa.miller@example.com,1225791050
Ms,Robert,,Torres,Female,robert.torres@example.com,2484756245
Mr,Eric,,Miller,Male,eric.miller@example.com,9712260067
Ms,Christopher,Kevin,Nguyen,Male,christopher.nguyen@example.com,997631445
Ms,Michelle,,King,Male,michelle.king@example.com,9723092587
Dr,Michelle,,Ruiz,Female,michelle.ruiz@example.com,2519977905
Ms,Bruce,Paige,Wagner,Male,bruce.wagner@example.com,8692667820
Mrs,Kathleen,Rhonda,Lawson,Female,kathleen.lawson@example.com,1921668015
Dr,Bobby,,Johnson,Male,bobby.johnson@example.com,6854285375
Ms,Gregory,,Richardson,Male,gregory.richardson@example.com,9717564897
Mr,Theresa,,Roberts,Male,theresa.roberts@example.com,6594624657
Dr,Charles,,Jones,Male,charles.jones@example.com,6037785681
Dr,Lori,,Pierce,Male,lori.pierce@example.com,4342987150
Mr,Anna,,Simmons,Female,anna.simmons@example.com,2362213068
Mr,Russell,,Morgan,Male,russell.morgan@example.com,7655090376
Ms,Henry,,Smith,Female,henry.smith@example.com,430861008
Ms,Cheryl,,Keith,Male,cheryl.keith@example.com,5432318336
Mrs,Wanda,,Petersen,Female,wanda.petersen@example.com,7627165351
Ms,Vincent,,Carey,Female,vincent.carey@example.com,9496141276
Mrs,Samantha,,Warren,Female,samantha.warren@example.com,9713671024
Mr,Mark,,Mueller,Female,mark.mueller@example.com,249046183
Mr,Charles,,Roberts,Female,charles.roberts@example.com,3042973614
Mrs,Evan,,Morris,Female,evan.morris@example.com,9785572619
Ms,Susan,Christopher,Mckinney,Female,susan.mckinney@example.com,9294889999
Mr,Christina,Michelle,Foster,Female,christina.foster@example.com,4881630078
Mr,Jesse,,Brown,Female,jesse.brown@example.com,2618015376
Mrs,Jessica,,Wise,Male,jessica.wise@example.com,6956807934
Mrs,Jasmine,,Downs,Female,jasmine.downs@example.com,5750440322
Dr,Justin,Russell,Lee,Male,justin.lee@example.com,3533692974
Mrs,Wendy,Christopher,Liu,Male,wendy.liu@example.com,8940471785
Mrs,Cindy,,Hodge,Female,cindy.hodge@example.com,8968672910
Dr,Valerie,,Hansen,Female,valerie.hansen@example.com,8942124701
Ms,Natasha,Lori,Schwartz,Female,natasha.schwartz@example.com,7576971790
Dr,Thomas,,Spencer,Male,thomas.spencer@example.com,3689695579
Mrs,Matthew,,Day,Male,matthew.day@example.com,2007094228
Ms,Pamela,,Adams,Male,pamela.adams@example.com,5604531928
Ms,Todd,,White,Male,todd.white@example.com,9492163417
Dr,Kara,Shannon,Rice,Male,kara.rice@example.com,8061223927
Mrs,Trevor,,White,Male,trevor.white@example.com,4818554540
Dr,Jamie,,Glass,Female,jamie.glass@example.com,7613337818
Dr,Jeffrey,Holly,Turner,Male,jeffrey.turner@example.com,3545801273
Mr,Jason,,Sims,Male,jason.sims@example.com,1457551322
Dr,William,,Moran,Female,william.moran@example.com,6218357133
Dr,Catherine,,Bauer,Male,catherine.bauer@example.com,2425628550
Mrs,Kathryn,Javier,Buchanan,Female,kathryn.buchanan@example.com,2461302372
Dr,Hailey,Alexandra,Webb,Male,hailey.webb@example.com,8742737180
Dr,Deborah,,Porter,Female,deborah.porter@example.com,4540059758
Ms,Brooke,,Gates,Male,brooke.gates@example.com,2351913320
Mr,Stephanie,,Woodward,Male,stephanie.woodward@example.com,8237031688
Mrs,Rachel,Richard,Cruz,Female,rachel.cruz@example.com,6412653813
Mr,Danny,Molly,Jackson,Female,danny.jackson@example.com,3828094143
Ms,Derek,,Stevenson,Female,derek.stevenson@example.com,3857959297
Ms,Denise,,Evans,Female,denise.evans@example.com,7320390340
Ms,Jasmine,Maria,Smith,Female,jasmine.smith@example.com,8292245747
Mr,Christian,,Ramos,Male,christian.ramos@example.com,7151660590
Mr,Richard,Daniel,Huang,Male,richard.huang@example.com,2250366856
Mr,Mark,,Gonzalez,Female,mark.gonzalez@example.com,2648478523
Ms,Caitlin,,Daniel,Female,caitlin.daniel@example.com,2243798628
Mr,Allison,,Franklin,Female,allison.franklin@example.com,6575141704
Dr,Matthew,,Webb,Female,matthew.webb@example.com,7142967294
Dr,Bryan,,Daugherty,Female,bryan.daugherty@example.com,958097823
Ms,Christina,Monica,Miller,Female,christina.miller@example.com,4937118329
Mr,Angela,,Davidson,Female,angela.davidson@example.com,1625032894
Mrs,Karen,Jeffrey,Fowler,Female,karen.fowler@example.com,2132642263
Mr,Miguel,,Anderson,Male,miguel.anderson@example.com,7354733158
Ms,Brian,Paul,Simmons,Female,brian.simmons@example.com,9754459066
Mrs,Christopher,,Roach,Male,christopher.roach@example.com,316331803
Dr,Tony,,Sanders,Female,tony.sanders@example.com,4881724817
Dr,Jerome,Virginia,Hancock,Male,jerome.hancock@example.com,1294379347
Dr,Gary,,Collins,Male,gary.collins@example.com,3493019889
Mr,Marco,Christina,Richards,Female,marco.richards@example.com,3128256397
Ms,Christopher,,Garcia,Female,christopher.garcia@example.com,8662540125
Dr,Kristina,,Maynard,Female,kristina.maynard@example.com,2996916928
Ms,Kelly,,Hernandez,Female,kelly.hernandez@example.com,3465353039
Ms,Lawrence,,Terry,Female,lawrence.terry@example.com,2786023525
Ms,Ashley,,Bell,Female,ashley.bell@example.com,4234337446
Mr,Robert,Rebecca,Jones,Male,robert.jones@example.com,7502993450
